Lat,Lng
51.883583,-176.642481
62.5,-164.42
52.83,173.32
56.89948722,-154.2478467
66.551833,-152.622167
55.4,-163.13
67.10620300000001,-157.857172
67.1,-157.85
51.3833,179.2667
51.3833,179.2667
65.449,-165.766
68.133611,-151.743333
61.2167,-149.9
61.2167,-149.8667
61.21354399999999,-149.844725
61.2136111,-149.84444440000001
61.18663817,-149.96539180000002
61.174156,-149.998189
61.18,-149.9719444
61.18,-149.9719444
61.251353,-149.80652800000001
62.05,-163.1667
57.5,-134.58333330000002
61.581596999999995,-159.54304199999999
55.0425,-131.5722222
55.0333,-131.5833
58.3167,-134.1
62.647332999999996,-160.190056
68.11466899999999,-145.579417
51.75,-178.033
68.183,-149.417
52.220583000000005,-174.20619399999998
52.2333,-174.2167
70.46727611,-157.4357361
58.967,-159.05
52.83254167,173.1755542
57.08882583,-134.83314140000002
71.28486099999999,-156.768583
71.3214,-156.6111
71.3167,-156.6
71.35,-156.65
70.113111,-143.653611
70.133,-143.583
70.1167,-143.6333
55.3833,-131.4667
55.92907806,-131.57169059999998
60.77855600000001,-161.837167
66.913944,-151.529056
61.534682999999994,-149.812544
60.817,-152.3
60.817,-152.3
56.85,-135.5333
56.85,-135.5333
61.416089,-149.508306
64.382,-147.7
64.07830278,-141.113375
65.98155600000001,-161.149139
52.4,175.96599999999998
69.983,-144.833
65.906,-161.944
63.391206000000004,-148.955617
69.033,-163.783
56.00211306,-134.1353392
60.23333333,-146.65
60.4833,-146.6
68.87513299999999,-166.111106
58.64815,-162.06296899999998
55.96629,-133.79672109999998
55.967,-133.8
61.78180847,-166.0369654
61.781014,-166.039575
59.8,-144.6
59.8,-144.6
59.8,-144.6
54.58243100000001,-164.914481
58.19906861,-136.6388106
68.1,-165.7667
52.8833,172.5167
61.9667,-149.9
54.4167,-162.4667
54.4167,-162.4667
65.57394444,-144.7808889
67.504517,-148.48322199999998
68.06543944,-149.5797392
56.311464,-158.37323899999998
56.312,-158.372
55.9,-155.5667
55.9167,-155.5833
52.833,-169.833
62.8833,-149.8333
62.883,-149.833
65.827917,-144.076197
65.48547222,-144.6107836
64.300389,-149.11652800000002
64.3,-149.11700000000002
55.20591700000001,-162.72625
67.0667,-149.5833
67.25219399999999,-150.203889
64.8603,-147.8483
60.4833,-145.5
60.491778000000004,-145.477556
55.47883139,-133.14780109999998
61.867,-158.134
62.6167,-150.0333
70.194753,-148.465164
70.344278,-150.94475
66.06911099999999,-162.767056
66.0667,-162.7667
66.0833,-162.75
63.994547,-145.721642
63.99516031,-145.7200247
64.0,-145.7333
63.99516031,-145.7200247
67.6833,-149.7333
59.044667000000004,-158.5055
53.967,-166.85
64.778083,-141.14961100000002
58.185492,-157.375428
58.208,-157.36700000000002
61.45,-149.3333
61.4,-149.15
58.97105861,-135.23738219999998
58.19527779999999,-136.3475
61.9333,-147.1667
65.1758333,-150.22055559999998
64.85,-147.8167
64.815111,-147.856447
64.665642,-147.101439
64.9736,-147.51
64.836517,-147.61686699999998
64.83761528,-147.6144889
62.54245389,-153.62251
62.533,-153.61700000000002
62.506666700000004,-153.89361110000002
61.15,-150.2333
57.26666667,-133.61666670000002
65.92704417,-149.8400781
65.9333,-149.8333
62.45264889,-157.98907
70.167,-146.833
61.2659,-149.653308
66.572417,-145.24633300000002
69.7167,-148.6833
64.8333,-147.6167
58.254360999999996,-134.8978893
68.47966667,-149.48991669999998
68.479667,-149.489917
64.736197,-156.934958
63.766611,-171.732778
63.85,-144.967
64.55045600000001,-163.007172
55.45,-131.8833
62.15494399999999,-145.45433300000002
58.2,-136.15
58.425278000000006,-135.707417
59.4,-135.9
59.24383100000001,-135.523539
69.1667,-148.8167
69.1667,-148.8333
61.9833,-152.0833
61.9833,-152.0833
63.85,-148.9667
63.867582999999996,-148.96883300000002
63.883,-149.017
52.916000000000004,173.166
62.188306000000004,-159.774944
59.644994,-151.48580800000002
59.6455556,-151.47666669999998
58.11215944,-135.451805
58.0962,-135.408756
58.117,-135.45
61.523861,-166.146611
66.03908299999999,-154.264694
69.917,-142.333
65.697861,-156.35138899999998
55.20631611,-132.8283131
70.367,-161.75
59.324042000000006,-155.901772
59.755578,-154.917753
65.583,-163.833
58.3,-134.4
58.354711,-134.57846899999998
56.97299639,-133.94561470000002
56.961364,-133.91026100000002
61.535971999999994,-160.345583
64.31898100000001,-158.741306
69.6833,-146.9
60.573278,-151.244833
60.573055599999996,-151.245
55.354082999999996,-131.711222
51.983000000000004,177.55
51.9667,177.5333
51.65,178.666
67.736139,-164.5635
61.0667,-149.9
55.579221999999994,-133.076
55.5833,-133.0833
57.75,-152.5167
57.74979200000001,-152.493944
57.75,-152.4938889
71.583,-152.167
64.9,-154.666
66.88480600000001,-162.598139
65.9,-154.666
64.939528,-161.154278
70.330667,-149.598056
60.0333,-147.9
56.4667,-133.1
56.05,-132.7667
56.3833,-134.65
65.5833,-148.4833
70.917,-153.25
64.987944,-150.647583
65.0,-150.65
61.5333,-149.2333
61.5664,-149.2542
61.6167,-149.1
61.6167,-149.2167
61.65,-149.2
61.4333,-142.9
61.43706083,-142.9037372
61.4333,-142.9333
62.952783,-155.607047
63.7167,-148.9667
63.732597,-148.910639
63.733000000000004,-148.917
60.372389,-166.270194
60.3667,-166.2667
61.2667,-153.8
55.13104528,-131.5780675
59.449943999999995,-146.307242
59.45,-146.30722219999998
63.885971999999995,-152.30183300000002
63.8833,-152.2833
64.69818194,-162.0572992
64.72,-162.08
62.09536222,-163.6820594
62.094778000000005,-163.682861
62.40184611,-142.99546809999998
58.67649399999999,-156.64869199999998
64.547331,-149.073975
64.55,-149.0833
52.941556000000006,-168.849028
52.94155556,-168.84902780000002
67.561167,-162.980417
64.512556,-165.444389
60.766999999999996,-147.8
63.317,-168.967
62.961167,-141.92808300000002
65.533,-164.2
70.20983299999999,-151.006472
60.0,-166.0
60.98065528,-159.993685
51.55,-178.8
66.45,-150.583
66.45,-150.5833
70.5,-149.88299999999998
61.5333,-149.0833
61.594917,-149.088722
54.4667,-162.7
63.024581000000005,-145.50055
63.033,-145.5
70.808,-158.254
56.801472,-132.946222
57.580381,-157.571958
59.01151806,-161.81941569999998
59.01783100000001,-161.827192
58.1667,-135.5
68.35,-166.7833
68.35,-166.8
69.732875,-163.0053417
69.732889,-163.005333
70.403,-148.679
58.4167,-134.95
65.25,-166.35
65.1167,-147.4833
56.24684222,-134.6481539
56.25,-134.65
56.25,-134.65
60.2,-154.3
60.2,-154.3
60.2,-154.3
60.2,-154.3
65.253456,-166.857628
56.9591,-158.633361
56.95,-158.65
56.005986,-160.560792
60.783,-148.85
60.85,-148.983
66.81405600000001,-150.64361100000002
66.8167,-150.65
70.25,-148.3333
62.1,-152.75
57.6,-136.15
62.15,-153.15
68.032111,-162.899194
68.032111,-162.899194
68.0333,-162.9
53.5167,-167.9167
64.727214,-155.469889
61.774892,-161.3194
62.060832999999995,-163.30183300000002
55.31369399999999,-160.52141699999999
63.686278,-170.493167
54.4167,-164.75
52.383,-172.416
66.600139,-159.98575
59.443906000000005,-151.705042
59.435277799999994,-151.70777780000003
51.916000000000004,179.583
60.11666667,-149.45
60.130081000000004,-149.416844
60.1269444,-149.41888889999998
61.81128100000001,-147.509053
52.712258,174.113589
66.249583,-166.089361
66.88807800000001,-157.162403
58.1667,-135.25
57.0575,-135.3267
57.05,-135.3333
57.05,-135.35
57.04683299999999,-135.361069
56.55,-154.13299999999998
59.460060999999996,-135.315664
59.45,-135.3167
61.966114000000005,-151.195392
61.676944400000004,-151.38666669999998
62.72461194,-143.9205144
62.7,-143.9833
61.7005,-157.165861
62.033,-142.667
62.033,-142.667
60.475139,-151.039639
60.4755556,-151.0341667
64.5833,-164.4
58.70208333,-157.0025833
61.097114000000005,-155.57480800000002
56.577360999999996,-169.663722
60.35,-172.7
57.1575,-170.2119
57.1333,-170.2667
57.1167,-170.2667
57.166306000000006,-170.222556
66.01706111,-149.0543694
61.78975,-156.5885278
63.331039000000004,-149.128836
61.42100000000001,-150.59799999999998
61.73141639,-148.9277606
61.90138889999999,-147.30444440000002
61.90138889999999,-147.30444440000002
62.321360999999996,-150.092722
63.37436722,-143.3355739
63.37436722,-143.3355739
51.75,-178.0333
60.2167,-154.3667
65.174389,-152.108111
65.2,-152.2
62.894907999999994,-155.978039
65.24038900000001,-166.33938899999998
65.2667,-166.35
57.77965833,-135.2184439
65.564025,-167.922519
59.05355600000001,-160.396778
60.541332999999995,-165.08719399999998
68.6333,-149.5667
54.8,-130.9333
69.371114,-152.134983
69.3667,-152.1333
69.3667,-152.1333
53.367,-167.9
53.367,-167.9
53.3833,-167.9
63.8885,-160.799111
63.9,-160.7833
53.89894399999999,-166.545028
53.8833,-166.5333
53.8833,-166.5333
53.9,-166.5333
53.9667,-166.1667
53.9667,-166.1167
64.8564,-147.8619
65.992772,-153.703489
61.13333333,-146.35
61.13421700000001,-146.244761
55.0667,-133.0667
70.638,-159.99475
70.6133333,-159.8602778
65.622586,-168.09493899999998
65.6167,-168.05
61.571658,-149.540294
42.35119444,-86.25563889
64.689194,-163.41275
60.777168999999994,-148.719653
60.7667,-148.6833
60.78,-148.73
61.754189000000004,-150.051739
61.75,-150.05
67.40457333,-150.12274169999998
56.48433299999999,-132.369833
60.08333333,-142.5
59.503322,-139.660269
30.4,-87.6
30.4,-87.633
33.1833,-86.7833
33.177778,-86.783222
34.22911111,-86.25575
32.91475,-85.962944
31.30875,-86.39377778
33.588167,-85.858111
33.65,-85.8333
32.615119,-85.434014
30.38908722,-87.6352625
57.53508333,-153.97666669999998
33.5833,-86.75
33.4667,-86.8333
33.5333,-86.8333
33.563889,-86.752306
33.17888889,-86.78222222
34.2,-86.1667
32.9,-87.25
32.85048333,-86.61143611
34.65,-87.333
34.26869444,-86.85802778
34.654056,-86.945361
31.321028000000002,-85.449472
31.951306,-85.128917
31.415,-87.043361
31.416999999999998,-87.03299999999999
30.4605,-87.87702778
31.04247361,-86.31156111
34.8,-87.65
34.47369444,-85.72138889
31.275667,-85.71333299999999
31.35583333,-85.75116667
34.285,-85.9622
33.97265,-86.089083
32.68147222,-87.66208333
31.845694,-86.61075
30.289639,-87.671778
34.65,-86.7667
34.85,-86.55
34.859361,-86.557528
34.637194,-86.775056
34.678656,-86.684783
34.6833,-86.5833
30.7,-88.0333
30.626778,-88.068083
30.691416999999998,-88.24283299999999
32.382944,-86.365778
32.3833,-86.3
32.3,-86.4
32.300639000000004,-86.39397199999999
34.745306,-87.610222
31.355721999999997,-85.651675
34.6,-86.6167
34.44507778,-87.71162361
34.68871111,-86.005925
32.4567,-87.2422
32.343947,-86.987806
33.569506,-86.051203
31.86,-86.013889
33.220628000000005,-87.611403
35.7525,-91.6311
35.726222,-91.647444
35.82,-91.7811
36.3667,-94.2
35.940417,-89.83080600000001
35.964333,-89.94394399999999
33.622806,-92.763389
34.047,-94.399361
33.221239000000004,-92.81175
36.281578,-94.307767
36.005083,-94.170056
36.290889,-92.59025
35.1667,-94.2
35.3667,-94.4
35.3667,-94.4
35.336583000000005,-94.36744399999999
36.261528000000006,-93.15472199999999
34.478028,-93.096222
35.831722,-90.646417
34.75,-92.2667
34.917511,-92.145
34.729444,-92.224778
34.545389,-94.202639
33.638556,-91.751
33.6385525,-91.75101833
34.52908111,-93.52942417
36.368942,-92.470528
35.63772222,-91.17638889
35.633,-91.17
34.835,-92.25944444
34.174514,-91.935606
36.372417,-94.106972
35.259283,-93.09262199999999
35.210611,-91.737539
36.191860999999996,-94.49
36.176389,-94.11925
34.599478000000005,-91.575
33.453708,-93.991019
36.124664,-90.9251
35.135056,-90.234444
33.433,-112.367
32.45288889,-112.8614167
35.23,-112.55
31.9667,-110.2833
35.154610999999996,-114.55933300000001
32.954889,-111.766833
33.307833,-111.655472
33.269110999999995,-111.81111100000001
36.959944,-113.01388899999999
32.93594444,-111.42652779999999
31.468944,-109.60375
31.5908,-110.5086
35.2,-111.67
35.140316999999996,-111.669242
31.588471999999996,-110.34438899999999
31.58333333,-110.33333329999999
33.81060833,-109.98574359999999
32.88754667,-112.719885
32.96016944,-112.6736375
32.4333,-112.6833
33.526917,-112.29513899999999
35.952360999999996,-112.14697199999999
34.941,-110.046
36.71491667,-110.2319722
35.259471999999995,-113.938056
32.0,-112.0
33.460833,-111.728333
35.1333,-109.5333
31.417721999999998,-110.847889
36.926083,-111.448361
34.256836,-111.339256
33.45,-112.08
33.4333,-112.3667
33.434278000000006,-112.011583
33.534978,-112.383178
33.423278,-112.37536100000001
33.688306,-112.08255600000001
36.03,-114.2
34.654833,-112.41922199999999
32.853333,-109.63508300000001
33.622889,-111.910528
34.265471999999995,-110.00566699999999
34.12941667,-109.3108611
34.518556,-109.37875
31.72,-110.07
34.78,-114.42
32.2394,-111.1697
32.509833,-111.325333
32.116069,-110.941014
32.409556,-111.21838899999999
32.18,-110.92
32.166364,-110.883172
32.1665,-110.88316670000002
35.25,-112.18
35.652056,-109.06738899999999
35.021910999999996,-110.722517
32.7333,-114.6167
32.656575,-114.60598600000002
32.67,-114.6
32.65,-114.6
32.849000000000004,-114.399
32.87083333,-114.335
41.482861,-120.565417
40.977833000000004,-124.10847199999999
37.35,-120.6
38.954833,-121.081722
33.35,-118.3167
33.404996999999995,-118.415769
35.28627778,-116.08136110000001
35.2667,-116.0833
35.433861,-119.057667
32.6167,-116.7
34.9,-117.0167
37.373111,-118.363611
37.35,-118.4
39.274972,-120.70975
33.619167,-114.716889
33.6167,-114.75
34.1833,-118.3167
34.200694,-118.358667
34.3,-117.4667
34.21375,-119.094361
34.2167,-119.0833
32.8667,-117.1167
32.6167,-116.4667
32.6167,-116.4667
33.12825,-117.280083
38.0667,-122.2333
39.795389,-121.85841699999999
33.974781,-117.63648300000001
36.1356,-120.3606
36.1333,-120.3667
37.989667,-122.05688899999998
34.1333,-116.0333
39.9333,-122.1667
37.2333,-121.6667
41.7333,-124.2
41.780167,-124.236528
37.40799056,-121.10937609999999
34.853722,-116.786694
36.6019,-117.145
36.4605,-116.87980559999998
40.95,-122.4333
32.8667,-116.6
39.317,-120.333
34.0,-118.1333
34.90855769,-117.88376869999999
34.918033,-117.87905
34.99080778,-117.86312140000001
32.8333,-115.5
32.826633,-115.66856100000001
34.086008,-118.03484399999999
40.803389,-124.112806
38.264536,-121.924131
37.7,-123.0
39.47,-123.75
36.23148611,-95.73915
35.26,-116.68
35.2822222,-116.63083329999999
36.681521999999994,-121.76165300000001
40.553944,-124.132667
36.7333,-119.8
36.776556,-119.718833
36.732110999999996,-119.820333
33.872014,-117.97978300000001
34.1667,-118.3
35.507,-116.458
36.14398694,-95.41774861
36.316722,-119.62766699999999
33.922861,-118.33508300000001
37.658928,-122.12173600000001
36.893347,-121.410275
32.84494444,-115.2685
32.833,-115.266
35.993541,-121.2366625
32.834222,-115.57875
32.566156,-117.113522
36.81637239,-118.20493259999999
33.683,-116.167
33.7498,-116.2744
35.658742,-117.82953300000001
35.685631,-117.691772
32.6333,-116.1833
38.45,-123.1333
31.620258000000003,-91.83429206
35.7167,-118.45
36.2167,-121.1333
32.8333,-117.2667
34.091667,-117.781778
33.5333,-117.7667
34.741056,-118.218639
36.333128,-119.952161
32.8833,-117.0833
37.693389,-121.820361
37.686,-121.706
37.3333,-120.7167
34.66561944,-120.46750279999999
33.817931,-118.15189199999999
33.79,-118.052
34.0167,-118.2833
33.9333,-118.3833
34.259325,-118.41343300000001
33.942496999999996,-118.40805
34.0667,-118.4333
37.063889,-120.86986100000001
33.7333,-116.75
35.6667,-119.85
32.75,-116.7333
36.986508,-120.11263100000001
37.624056,-118.83875
39.097778000000005,-121.569833
39.1,-121.5667
39.1361,-121.436586
39.262056,-123.753778
36.6667,-120.2833
37.28475,-120.51391699999999
37.2381,-120.8825
37.380483,-120.56818600000001
37.625833,-120.95441699999999
35.0429,-118.1667
35.0429,-118.1667
35.058944,-118.15061100000001
38.0,-119.1667
41.73042028,-122.5455783
41.781444,-122.46811100000001
38.5,-123.0
36.586953,-121.84278300000001
36.5833,-121.85
36.6,-121.85
35.3667,-120.0833
32.8833,-116.4167
41.317,-122.31700000000001
34.23333333,-118.06666670000001
37.416142,-122.049131
37.3436,-121.6425
33.9333,-120.1167
37.9333,-122.5833
37.9333,-122.5833
35.4667,-115.5667
34.9833,-117.8667
38.213636,-122.280153
34.766346999999996,-114.623281
34.7667,-114.6167
37.72125,-122.221139
37.78333333,-122.31666670000001
33.301256,-117.355167
33.217978,-117.35150800000001
34.05,-117.6
34.056,-117.60119399999999
33.6667,-117.8667
39.487806,-121.62200000000001
32.6167,-116.9333
34.200806,-119.207222
33.829667,-116.506694
33.8167,-116.5
34.629389,-118.084553
37.461110999999995,-122.11505600000001
34.15,-118.13
35.6122,-120.6553
35.672889,-120.62708300000001
37.5,-122.5
34.5667,-120.6667
34.5833,-120.6333
33.7167,-118.2833
34.15,-119.2
37.5333,-122.5167
34.119275,-119.11958600000001
35.66666667,-121.28333329999998
35.1667,-120.7667
36.029583,-119.062722
38.2,-121.9667
33.039167,-116.91525
31.16819444,-93.34247222
40.150306,-122.25219399999999
57.08882583,-134.83314140000002
40.508972,-122.29338899999999
40.6508,-122.6067
40.5167,-122.3
33.9,-117.25
33.9,-117.25
33.880711,-117.25945
33.951889,-117.44511100000001
38.5556,-121.4169
38.512861,-121.4933
38.695444,-121.590778
38.555310999999996,-121.297211
38.667639,-121.40061100000001
36.6667,-121.6167
36.662786,-121.60636699999999
33.21666667,-115.86666670000001
33.241431,-115.9525
34.095361,-117.234889
37.511860999999996,-122.249531
33.022744,-118.58849199999999
32.7167,-117.1667
32.572278000000004,-116.980167
32.698197,-117.21311100000001
32.733556,-117.18966699999999
32.7333,-117.1667
32.868528000000005,-117.14318899999999
32.815721999999994,-117.139556
32.8333,-117.1167
32.826221999999994,-116.972444
37.8,-122.4667
37.8,-122.4667
37.618806,-122.375417
37.61897222,-122.3748889
37.766999999999996,-122.43299999999999
37.7833,-122.3167
37.332861,-121.819806
37.362994,-121.928619
35.2833,-120.6667
35.3,-120.6667
35.6,-120.65
35.237278,-120.64261100000002
34.05,-120.35
33.2333,-119.45
33.238861,-119.45701100000001
33.25,-119.8
33.2667,-119.5333
37.9833,-122.35
33.75,-118.25
38.05,-122.5
35.5667,-121.1167
34.75,-118.73333329999998
33.416,-115.833
33.675667,-117.868222
34.426194,-119.8415
34.06055833,-119.91513
35.4,-120.6
34.899944,-120.458083
34.015822,-118.451306
34.0167,-118.45
38.509694,-122.81288899999998
34.606817,-120.07555
33.7167,-117.5333
39.4667,-120.4167
34.4,-118.55
35.507475,-119.19213300000001
35.9667,-116.2833
35.9667,-116.2667
38.893889,-119.995333
37.9,-121.2333
37.894411,-121.238739
36.33333333,-117.1
40.375694,-120.572694
35.134994,-118.4393
35.1349,-118.4391
35.0233,-118.7497
33.626667,-116.159653
33.6333,-116.1667
33.633,-116.167
33.803383000000004,-118.33960800000001
33.8,-118.3333
37.7667,-121.5333
39.33,-120.18
34.131583,-115.945806
34.296167,-116.162167
39.125944,-123.200861
37.35,-122.3667
34.3,-118.4833
38.378221999999994,-121.96119399999999
38.2167,-122.2833
38.0,-122.3333
34.209806,-118.489972
34.5833,-120.6333
34.7167,-120.5667
34.55,-120.617
34.65,-120.56666670000001
34.737336,-120.58431399999999
34.597453,-117.382997
36.318639000000005,-119.39286100000001
36.9333,-121.7833
36.935722,-121.789639
40.3,-121.0
38.5167,-121.9667
40.175639000000004,-103.22202800000001
40.155,-103.1417
37.435125,-105.867875
39.221889000000004,-106.868222
40.0353,-105.5408
40.0167,-105.2833
38.814194,-106.12061100000001
39.242511,-102.28537800000001
39.0333,-104.2833
39.4333,-106.15
38.4333,-105.1167
38.973333000000004,-104.82
38.805814,-104.700775
39.7833,-106.25
37.303000000000004,-108.62806699999999
37.306940000000004,-108.62638999999999
40.495222,-107.521667
40.5,-107.51666670000002
37.7167,-104.5333
39.6167,-104.05
39.701767,-104.751961
39.701767,-104.751961
39.861667,-104.673167
39.7675,-104.86944440000002
39.908806,-105.117194
39.570128000000004,-104.849306
39.75,-104.9833
39.784194,-104.537639
39.6261,-106.0353
40.2447,-108.9678
38.9333,-105.15
40.7167,-104.85
37.20317833,-107.8691953
37.151528000000006,-107.753778
39.642761,-106.91593600000002
39.9,-105.65
39.2167,-104.5333
38.75,-104.3
38.678333,-104.7565
40.451817,-105.01133899999999
40.45182722,-105.0113356
37.4333,-105.5167
39.5397,-107.3233
39.122417,-108.52675
39.0667,-108.5667
39.0667,-108.5667
40.437416999999996,-104.633222
38.534333000000004,-106.93175
40.481194,-107.21766699999999
40.05367972,-106.3689467
38.05,-103.50975
37.8639,-103.8225
37.5,-105.1667
38.0697,-102.68849399999999
39.2333,-104.8
39.219471999999996,-106.31641699999999
39.274778000000005,-103.66586099999999
39.18333333,-103.7
40.048806,-107.88591699999999
41.1815,-89.14669444
38.4833,-106.3167
37.5333,-106.05
37.5667,-106.2
38.509806,-107.89425
38.5439,-107.6928
39.2167,-104.6333
39.0833,-104.7833
40.05,-105.5833
40.8067,-104.7553
38.0206,-107.6686
38.3167,-104.35
38.289944,-104.498028
38.3,-104.6
39.5333,-107.8
39.526610999999995,-107.728
38.09933333,-106.17452779999999
38.0989,-106.1708
39.7333,-105.1667
39.75,-105.1667
37.4,-102.6167
40.51625,-106.86630600000001
40.6167,-103.2667
40.1333,-105.2333
38.8183,-106.6086
37.953806,-107.90875
37.259225,-104.340861
37.3842,-107.5822
37.6167,-104.7833
37.7833,-104.0833
37.45139,-106.80028
41.163472,-73.12616700000001
41.2133,-72.37
41.371528000000005,-73.48219399999999
41.3667,-73.4833
41.330056,-72.045139
41.7667,-72.6833
41.736722,-72.64944399999999
41.508708,-72.829489
41.55,-72.55
41.26375,-72.8868
41.3033,-71.975
41.95,-72.3
41.05,-73.5333
41.1667,-73.1333
41.744028,-72.180222
41.939139000000004,-72.683361
41.9333,-72.6833
38.851444,-77.037722
38.845,-77.0144444
38.8,-75.1
38.45,-74.58
39.129539,-75.465961
38.687639000000004,-75.359306
38.72,-75.13
39.678722,-75.606639
29.72755,-85.027378
29.72760656,-85.02744158
27.1833,-81.7667
27.650585999999997,-81.349517
27.943361,-81.783417
26.69830556,-80.66080556
30.4667,-85.0333
26.3785,-80.107694
30.84577778,-85.60138889
28.473611,-82.45541700000001
28.6833,-82.0833
28.614889,-80.694361
29.6833,-85.3667
30.75,-85.5833
28.25,-80.6
28.467585999999997,-80.566614
28.234921999999997,-80.610125
30.778833000000002,-86.522111
29.6333,-83.1167
29.635528000000004,-83.10475
29.1833,-81.0667
29.179917,-81.05805600000001
29.067028000000004,-81.28375
30.400056,-86.47147199999999
30.648585999999998,-86.521958
29.0667,-82.3833
29.0667,-82.3833
26.071667,-80.149694
26.197281,-80.17070799999999
26.536167,-81.755167
26.586610999999998,-81.86325
27.497472,-80.372639
26.65,-81.7167
26.5833,-81.8667
29.690056,-82.271778
27.4667,-81.3667
26.001222,-80.24072199999999
25.48855,-80.383567
30.350236,-81.883158
30.3333,-81.65
30.218778000000004,-81.877167
30.494056,-81.687833
30.336333000000003,-81.514444
30.277778,-81.805944
30.233706,-81.676058
26.95,-80.1167
25.6667,-80.2
24.574635999999998,-81.686644
24.556119,-81.759956
29.8333,-82.0667
62.06083333,-163.3018333
28.95,-81.9667
28.0833,-81.9167
27.987636,-82.01899399999999
28.0,-82.0167
28.822889,-81.808417
24.726194,-81.051361
25.9,-81.7167
30.8333,-85.2
30.837806,-85.181889
30.428917,-86.6888
30.391375,-81.424522
28.10275,-80.64525
28.1,-80.633
25.7803,-80.13
25.8,-80.2333
25.647564000000003,-80.433225
25.907417000000002,-80.278222
25.795361,-80.29011700000001
25.7833,-80.2833
30.506944,-86.959722
30.722471999999996,-87.023903
30.698575,-87.01440799999999
29.35,-82.4667
26.152442,-81.775639
29.171878000000003,-82.224114
28.545461,-81.332931
28.429389,-81.309
28.289806,-81.437083
30.21208333,-85.68280556
30.069046999999998,-85.57498299999999
30.35825,-85.795611
30.4167,-87.2167
30.46972222,-87.33805556
30.473416999999998,-87.186611
30.3833,-87.4167
30.353271999999997,-87.317972
30.533,-87.2
30.06927778,-83.58058333
28.000166999999998,-82.163306
26.2474,-80.11120799999999
26.918939,-81.990925
25.616999999999997,-80.417
27.765110999999997,-82.626972
27.908694,-82.6865
28.777178000000003,-81.234914
30.4,-86.7167
27.395444,-82.554389
29.959253000000004,-81.339733
30.4,-81.3
27.181694,-80.22130600000001
30.396756,-84.35086899999999
27.95,-82.45
28.013986,-82.345258
28.013986,-82.345258
27.849339,-82.521214
27.70527778,-82.40055556
27.915456,-82.449394
27.975471999999996,-82.53325
28.6167,-80.8333
28.514806,-80.799222
27.81323472,-80.49558408
30.6667,-86.3667
30.483228000000004,-86.526036
30.433000000000003,-86.93299999999999
30.56666667,-86.31666667
30.5833,-86.45
30.6167,-86.7333
30.55,-86.75
30.5833,-86.65
30.4833,-86.8
27.071610999999997,-82.440333
27.655556,-80.41794399999999
27.5667,-81.8167
26.683166999999997,-80.09558299999999
28.062917,-81.75330600000001
34.4167,-84.9333
31.535528000000003,-84.19447199999999
31.596,-84.084
31.536056,-82.506556
32.05,-84.2333
33.948639,-83.325917
33.7667,-84.3833
33.779128,-84.521367
33.357721999999995,-84.572528
33.875611,-84.30197199999999
33.75,-84.3833
33.6367,-84.427864
33.4667,-81.9667
33.466583,-82.039389
33.4667,-82.0333
33.369944,-81.9645
31.259033000000002,-81.466317
31.151971999999997,-81.391056
30.8078,-81.4597
34.3105905,-84.42391083
34.123146999999996,-84.848706
32.331833,-84.987167
32.516333,-84.938861
34.722936,-84.870239
34.35,-84.1333
30.971596999999996,-84.636928
31.476739000000002,-82.860567
32.564721999999996,-82.984972
34.09519722,-82.81586417
34.1833,-83.6833
34.272628000000005,-83.83022199999999
33.59796997,-83.13826183
31.887821999999996,-81.562653
33.008860999999996,-85.072611
33.978075,-83.962378
32.8333,-83.6333
32.692833,-83.649222
32.821764,-83.561936
33.914442,-84.514247
34.013166999999996,-84.59702800000001
33.154225,-83.241414
31.084916999999997,-83.80325
33.311567,-84.769756
33.4,-84.75
31.3128,-84.4706
31.1922,-84.4464
32.08866167,-84.37250999999999
32.133,-81.2
34.350783,-85.15866899999999
31.1333,-81.3667
32.0167,-81.1333
32.127583,-81.202139
32.0833,-81.0833
32.010019,-81.145989
31.95,-80.6667
32.48275,-81.736944
32.645278000000005,-81.597111
32.955003000000005,-84.26408599999999
30.901472,-83.88144399999999
33.529722,-82.516944
31.6333,-81.2667
30.781371999999998,-83.276219
30.9687,-83.192964
32.192721999999996,-82.371167
32.640172,-83.59191899999999
33.779416999999995,-82.815833
33.7836,-83.3897
31.248389000000003,-82.395389
33.982861,-83.667417
19.717,-155.05
21.307353,-158.070303
21.3167,-158.0667
22.0667,-159.7833
22.0333,-159.7833
19.7667,-155.6333
21.9,-159.5833
19.51666667,-154.81666669999998
21.3333,-158.05
23.86405,-166.2846333
23.8667,-166.2833
23.8667,-166.2833
21.2833,-157.8333
21.3167,-157.95
21.2667,-157.8
21.3167,-157.9833
20.7167,-156.2667
20.795636,-156.01443899999998
21.2992,-157.6647
19.645,-155.0828
19.7,-155.0833
19.720264,-155.04846899999998
21.3167,-157.8667
21.317828,-157.920264
20.91666667,-156.68333330000002
21.71,-157.97
20.898653,-156.430456
20.9,-156.2166667
19.738767000000003,-156.04563100000001
20.1256,-155.7778
20.001328,-155.66810800000002
21.450444,-157.767944
22.022769,-159.78506399999998
22.23333333,-159.4
21.483,-158.033
19.65,-156.0
20.1333,-155.5167
20.785611,-156.951419
20.0,-155.25
21.9742,-159.3683
21.975983,-159.33895800000002
21.3667,-157.9667
19.7167,-155.0667
20.7167,-156.5833
19.5353,-155.5761
19.5333,-155.5833
19.5333,-155.5833
28.201483000000003,-177.38130800000002
21.5833,-158.2
21.15,-157.1
21.152832999999998,-157.09633300000002
21.1328,-157.18
20.25,-155.75
21.36489333,-157.9597553
21.9,-159.6
20.8333,-156.4667
21.8942,-159.5522
19.095,-155.5689
20.25,-155.8333
20.25,-155.8667
21.4835,-158.03966699999998
21.3356,-157.7119
41.5,-94.65
43.077917,-94.27194399999999
41.992056,-93.621833
41.691347,-93.56635
42.049556,-93.847611
40.783221999999995,-91.1255
42.046667,-94.78869399999999
41.884689,-91.7108
42.0833,-91.6167
41.019611,-93.359667
43.072503000000005,-92.61080799999999
42.731389,-95.55605600000001
40.722194,-95.026611
42.740472,-93.759056
41.83075,-90.328972
41.260111,-95.758639
41.021444,-94.36330600000001
41.5233,-90.5733
41.610278,-90.58836099999999
43.2755,-91.739389
41.986583,-95.3805
41.5561,-93.2856
41.5833,-93.6167
41.533972,-93.663083
42.5,-90.667
42.402,-90.70947199999999
43.407472,-94.74638900000001
41.055719,-91.980822
42.551194,-94.191833
40.659110999999996,-91.32775
41.7167,-92.7
41.584361,-95.339694
42.456889000000004,-91.94766700000001
41.639778,-91.548139
42.5167,-93.2667
40.3833,-91.3833
41.299096999999996,-93.113742
40.6233,-93.9508
40.633333,-93.902169
42.777944,-96.193694
42.11275,-92.917778
43.157806,-93.33125
42.220364000000004,-91.1633
40.946611,-91.511167
40.7167,-94.25
41.674431,-93.021728
42.680925,-91.97439399999999
42.0333,-96.1
42.988889,-96.0625
41.226110999999996,-92.493833
41.107181,-92.44707199999999
41.401222,-92.945861
41.010833,-95.258861
43.208389000000004,-95.833417
40.751585999999996,-95.413625
42.5,-96.4
42.402611,-96.384361
42.4,-96.3833
43.165639,-95.20280600000001
42.597235999999995,-95.240667
42.1833,-93.6
42.218625,-92.025917
41.275694,-91.67608299999999
42.557083,-92.40033299999999
42.436414,-93.868967
43.4622,-113.5561
43.833,-112.68299999999999
43.533,-112.95
43.6167,-116.2
43.564361,-116.22286100000001
48.7,-116.3
42.542611,-113.771528
44.523608,-114.217969
47.774306,-116.81958300000001
43.742694,-111.096778
44.16236111,-112.22066670000001
45.8167,-115.4333
43.6333,-116.2
42.917167,-114.76516699999999
42.59,-111.7497
45.94255556,-116.1234167
43.503781,-114.29555800000001
43.513721999999994,-112.07075
42.726694,-114.456639
47.55,-116.1667
42.5333,-114.35
46.4167,-117.0333
46.374497,-117.015394
46.1442,-115.5964
42.166585999999995,-112.29663300000001
44.888803,-116.101753
43.043597,-115.872433
47.45,-115.6667
43.2044,-116.7506
42.909806,-112.59591100000002
42.9167,-112.6
43.833917,-111.80511100000001
45.2,-113.8667
48.299528,-116.56013899999999
42.7333,-115.5667
42.6485,-111.58180559999998
42.0167,-113.25
42.481808,-114.48773600000001
38.889917,-90.045989
41.7,-87.9833
41.771916999999995,-88.475667
38.545167,-89.835194
38.55,-89.9833
40.477111,-88.91591700000001
40.05,-88.3667
38.570361,-90.15508299999999
37.0,-89.1667
41.7167,-87.5333
37.778083,-89.252028
38.089481,-88.12306099999999
38.515083000000004,-89.091139
38.5167,-89.1
40.0528,-88.3728
40.038833000000004,-88.27780600000001
40.7333,-88.7167
41.8833,-87.6333
42.42215,-87.867919
41.8588889,-87.6077778
41.785983,-87.752425
41.534917,-87.529528
41.974522,-87.90659699999999
41.907053000000005,-88.247997
42.0833,-87.8167
42.114278000000006,-87.901528
41.7833,-87.6
40.199694,-87.595528
41.933833,-88.705686
39.834564,-88.865689
41.1,-88.4167
38.378633,-88.412653
38.664989,-88.45311099999999
42.246114,-89.581978
40.938,-90.431122
37.811256,-88.550258
39.774611,-90.23827800000001
41.608111,-88.096194
41.517658000000004,-88.175525
41.071389,-87.846278
41.01928583,-89.38642222
38.764278000000004,-87.6055
40.158694,-89.33502800000001
39.1625,-89.67463889
37.754971999999995,-89.011083
41.36666667,-88.68333333
39.477889000000005,-88.279972
37.18588722,-88.75061
41.448278,-90.50752800000001
41.42405747,-88.41864994
38.606528000000004,-87.726694
38.721828,-88.17643299999999
39.699667,-87.670778
42.016999999999996,-87.833
40.7167,-89.6
40.664194,-89.69325
41.350147,-89.15294399999999
39.638889,-90.77855799999999
40.924444,-88.623944
39.943017,-91.194464
39.9,-91.3667
40.293556,-88.142389
39.016028000000006,-87.649778
41.892639,-89.079611
42.195361,-89.097222
38.642872,-88.964186
42.045833,-90.10794399999999
41.8431,-88.8514
38.148864,-89.698503
39.8,-89.65
39.844221999999995,-89.678083
41.8,-89.6333
39.532586,-89.330706
38.991467,-89.166189
41.7667,-88.75
40.108610999999996,-85.613
39.146021999999995,-86.616681
39.8167,-84.9667
39.261917,-85.896333
41.719406,-86.003219
38.040805999999996,-87.5285
40.978472,-85.195167
41.0167,-85.2167
41.6167,-87.4167
41.526264000000005,-85.794161
38.249028,-86.953694
39.7667,-86.1667
39.75,-86.2333
39.717306,-86.294639
39.830717,-86.294386
38.83333333,-85.41666667
40.527667,-86.05975
40.412306,-86.93688900000001
40.4167,-86.9333
40.489917,-85.679778
41.55,-87.1667
39.4667,-85.3667
40.242472,-85.39575
40.648092,-86.152119
39.756083000000004,-84.842694
41.0667,-86.1833
40.8628,-86.5089
39.583139,-85.804806
41.708222,-86.31733299999999
39.450633,-87.306989
41.453967,-87.007072
41.274694000000004,-85.84008299999999
38.65,-87.1833
37.158528000000004,-98.079639
39.840339,-101.04248299999999
38.703,-97.81700000000001
38.0333,-96.6333
37.667889,-95.486722
37.1,-95.5833
37.094,-95.572
39.427444,-101.046611
38.9167,-100.1
39.549222,-97.65230600000001
37.8,-100.1167
37.75,-100.0167
37.763111,-99.965417
37.000778000000004,-101.880028
38.9333,-99.5667
38.4,-96.1833
38.330556,-96.189944
39.368333,-94.914714
39.055333000000005,-96.7645
37.9333,-100.7167
37.927528,-100.724417
38.80690556,-94.95617222
38.5167,-98.15
39.370639000000004,-101.699
38.34425,-98.85919399999999
38.842222,-99.273167
38.7,-96.8167
39.380194,-99.83147199999999
38.066156,-97.860489
37.917,-97.9
37.1667,-95.7833
39.011111,-95.216472
38.458,-101.35086109999999
37.043917,-100.959972
38.1333,-96.1333
39.1028,-96.6097
39.141233,-96.671797
37.3,-98.5833
37.9333,-95.2
38.057078000000004,-97.275228
38.87,-100.9628
38.830917,-94.89030600000001
38.847603,-94.737586
38.5667,-94.8833
37.330814000000004,-95.506175
39.735806,-99.317111
37.7,-98.75
37.702528,-98.74700000000001
38.871364,-98.811603
38.871364,-98.811603
38.790611,-97.652222
38.65,-97.8
39.05,-95.6667
39.068667,-95.6225
38.950944,-95.663611
38.894,-99.09700000000001
37.6833,-97.3333
37.623117,-97.267628
37.747583,-97.221111
37.649944,-97.43305600000001
37.168611,-97.03752800000001
37.2503,-86.2325
36.964528,-86.419667
36.95,-84.1
36.967,-84.133
39.048836,-84.667822
36.672956,-87.49181899999999
37.907064,-85.972033
38.181731,-84.90675
37.2333,-87.1667
37.807833,-87.685694
37.593861,-83.31725
38.03675,-84.608639
37.086889,-84.077389
38.25,-85.7667
38.174085999999996,-85.7365
38.227983,-85.66375
36.6106375,-83.73741611
36.855278000000006,-84.856139
37.738833,-87.16682800000001
37.060289000000004,-88.772958
37.0667,-86.2
37.053583,-84.615639
36.7,-84.4833
38.0944,-84.7464
38.65,-87.1833
36.7667,-84.1667
37.9167,-84.2667
31.394903000000003,-92.295772
31.327371999999997,-92.548556
32.5167,-92.9167
32.756083000000004,-91.880583
30.532916999999998,-91.149889
29.35,-89.43
28.95,-89.3667
28.967,-89.383
31.13333333,-92.56666667
30.4833,-90.1
30.8333,-93.3667
30.831721999999996,-93.339917
31.044789,-93.191642
31.1136,-92.9656
31.15,-92.9667
31.394000000000002,-93.29799999999999
29.441111,-90.261111
29.26272694,-89.96118249999999
30.521686,-90.41838100000001
29.566503000000004,-90.660428
30.0917,-91.8731
30.205028000000002,-91.98775
30.126096999999998,-93.223403
30.210583000000003,-93.143194
32.8833,-92.1164
32.510861,-92.037667
31.735719,-93.099136
30.037758,-91.88389699999999
29.3833,-88.9
29.827214,-90.026589
29.8333,-90.0
29.993278000000004,-90.259028
30.042416999999997,-90.028267
30.7505,-92.68849200000001
29.7167,-91.3333
32.514603,-92.588444
29.5622,-91.5256
32.540219,-93.74502199999999
32.50193208,-93.66262778
32.501933,-93.662628
32.446611,-93.825611
30.33694444,-89.825
30.346333,-89.820806
32.351611,-91.027689
29.2619,-89.3636
28.5,-93.0
42.5667,-72.1333
42.5702778,-71.6025
42.469944,-71.289
42.584139,-70.916139
42.1667,-72.9167
42.35,-71.0667
42.362944,-71.006389
41.9558,-71.1375
41.874466999999996,-71.016317
41.3833,-71.05
42.3667,-71.1
41.688306,-69.989639
41.659139,-70.522806
42.554111,-71.758972
41.683,-67.783
43.65,-70.0333
41.45,-71.0183
41.669333,-70.280361
42.717086,-71.12355600000001
42.0975,-70.673019
41.4,-70.6167
41.393421999999994,-70.613883
42.417,-71.483
42.1,-71.5667
42.21666667,-71.11666667
41.2833,-70.1
41.016999999999996,-69.5
41.252975,-70.059911
41.676567,-70.957836
42.696253000000006,-73.170553
42.0333,-70.0667
42.190528,-71.172944
42.57,-72.2885
42.427619,-73.290839
41.908617,-70.727686
41.6,-69.85
42.072278000000004,-70.220722
42.6667,-70.6
42.6667,-70.6
42.6333,-70.8167
42.5333,-70.8667
42.15,-70.9333
42.194014,-72.53478299999999
42.1333,-72.5833
41.5467,-69.985
41.38,-71.0
42.3667,-73.1167
42.157944,-72.715861
42.267139,-71.87561099999999
39.4333,-76.0833
39.4667,-76.1667
38.9833,-76.4833
39.2833,-76.6167
39.2833,-76.6167
39.25,-76.5167
39.175728,-76.668992
39.25,-76.533
39.325666999999996,-76.41377800000001
38.810825,-76.867047
39.6667,-78.6667
39.6,-78.7667
38.804167,-76.069
39.3833,-76.3
39.085386,-76.759414
39.417556,-77.374306
39.433,-77.449
39.65,-78.9333
39.7333,-77.4
39.168333000000004,-77.166
39.7085,-77.7265
39.7,-79.25
38.35,-75.0833
39.6667,-78.9667
39.58081292,-79.33593667
38.33333333,-75.08333333
38.310444,-75.123972
38.286331,-76.40996700000001
38.340189,-75.509478
38.1833,-75.4
38.146,-76.428472
38.9833,-77.4833
38.8833,-77.05
38.9,-77.05
44.048472,-70.283508
44.32065,-69.79731899999999
44.807444,-68.82813900000001
44.80744444,-68.82813889
44.45,-68.35
44.449706,-68.361489
43.89236389,-69.93883028
44.35,-68.2333
46.871639,-68.018194
44.3833,-68.8
44.633,-67.283
44.910111,-67.012694
47.2855,-68.312722
43.991139000000004,-70.947889
45.46302778,-69.55161111
45.46666667,-69.58333333
46.124608,-67.792361
46.1167,-67.7833
46.96,-67.8833
45.362161,-68.534747
45.647833,-68.685556
44.9281,-68.7006
44.952335999999995,-68.674494
44.3167,-68.1833
43.65,-70.25
43.6167,-70.2
43.5333,-70.1
43.65,-70.25
43.645644,-70.308617
43.883,-70.25
46.688961,-68.044789
46.7,-68.05
44.060075,-69.09925600000001
44.1167,-69.1667
43.393806,-70.708
43.4,-70.75
44.53325,-69.675528
43.05,-70.7
43.961417,-69.712556
41.866278,-84.07799999999999
45.067,-83.43299999999999
45.078083,-83.56030600000001
42.3,-83.7167
42.222925,-83.74565799999999
43.780221999999995,-82.985417
42.3,-85.25
42.306472,-85.250089
45.692221999999994,-85.566611
44.988583,-85.198361
42.128381,-86.424881
44.275333,-85.41891700000001
43.458861,-83.445444
45.304860999999995,-85.275306
45.2333,-85.2667
42.574083,-84.812111
46.3344,-86.92
45.653739,-84.51930300000001
41.933489,-85.052308
47.4667,-87.8833
42.3333,-83.05
42.69888889,-83.47138889
42.240028,-83.530889
42.409328,-83.010183
42.212444,-83.353389
46.009311,-83.743933
42.7333,-84.4833
45.722675,-87.093717
42.965472,-83.74475
44.65,-86.2167
44.625219,-86.200808
43.5333,-84.0833
42.25,-85.1667
45.013028000000006,-84.70344399999999
44.9075,-84.71888889
43.970589000000004,-84.47501899999999
43.0833,-86.2333
46.62081611,-85.91682528
42.9667,-85.6667
42.9,-85.6667
42.880833,-85.522806
44.680333000000005,-84.728861
42.099078000000006,-83.161469
47.1667,-88.5
43.8333,-82.65
45.425472,-84.913472
41.921303,-84.5867
42.742778,-86.107833
47.1167,-88.5667
44.359869,-84.669483
47.168417,-88.48906099999999
42.629428000000004,-83.98219399999999
45.818360999999996,-88.11455600000001
46.527471999999996,-90.131389
42.260444,-84.46213900000001
42.234389,-85.551556
41.735875,-83.655764
42.778639,-84.58619399999999
43.962528000000006,-86.407917
45.864983,-84.63709399999999
44.272472,-86.246889
45.974639,-86.17183299999999
45.95,-86.2297
46.53333333,-87.55
46.349167,-87.396361
46.567,-87.4
42.251194,-84.955444
42.565778,-84.423194
45.126689,-87.638542
41.939889,-83.434667
42.613894,-82.836911
43.621639,-84.737306
46.4167,-86.65
43.169489,-86.238222
46.31100000000001,-85.457167
44.451528,-83.39416700000001
42.992971999999995,-84.1385
45.570917,-84.796722
42.665636,-83.420506
44.0219,-82.7931
42.910971999999994,-82.52886099999999
43.0,-82.4333
45.407083,-83.812861
42.2667,-83.3333
42.2833,-83.3833
43.532917,-84.079639
43.433361,-83.862306
46.479222,-84.36838900000001
45.9167,-85.9167
42.351333000000004,-86.25574399999999
45.8833,-84.7333
41.813289000000005,-85.43896099999999
41.95975,-85.593056
44.741583,-85.581861
42.542944,-83.17788900000001
46.548460999999996,-93.676633
43.681314,-93.368147
45.866306,-95.394667
45.227503000000006,-96.004531
43.662639,-92.932917
48.73025,-94.611056
47.510721999999994,-94.934722
45.331917,-95.650583
47.783933000000005,-93.650994
44.7667,-94.8833
46.404222,-94.133806
45.557494,-93.264183
44.729489,-96.266003
46.701111,-92.503556
45.1167,-94.1333
47.822281,-92.689525
47.841658,-96.621453
44.9667,-96.0333
46.825139,-95.8855
44.017994,-92.83161899999999
46.7833,-92.1
46.842092,-92.19365
46.721861,-92.043439
47.824014,-91.829319
47.424167,-92.49655600000001
43.643944,-94.415611
44.328969,-93.313075
46.284389000000004,-96.15669399999999
49.3183,-94.9028
47.592819,-95.7735
44.5,-92.3333
44.756006,-94.081461
45.643831,-95.32045
48.3056,-95.8744
47.7392,-90.3606
47.7472,-90.3444
47.838431,-90.384578
47.2167,-93.5167
47.386583,-92.838972
46.0167,-92.95
44.859889,-94.3825
48.565583000000004,-93.402167
43.650139,-94.986583
45.097128000000005,-94.507269
45.949417,-94.34705600000001
46.989908,-94.203633
43.616769,-96.217736
44.986436,-96.177858
44.222778000000005,-93.919306
45.235994,-93.985589
44.451722,-95.82441700000001
44.45,-95.7833
46.618797,-93.309811
45.144889,-93.210194
45.062,-93.353944
44.8275,-93.45858299999999
44.9833,-93.3
44.627860999999996,-93.228083
44.881972,-93.221778
44.8833,-93.2167
44.969194,-95.710389
46.839278,-96.664028
46.418611,-92.804778
45.891897,-93.27295
45.565994,-95.96719399999999
44.318386,-94.501644
44.778572,-95.03277800000001
48.015917,-92.85605600000001
45.304131,-96.42460799999999
44.122953,-93.25882800000001
46.901203,-95.07310600000001
45.372064,-94.744725
46.6,-94.31666667
46.724789,-94.3817
43.982131,-96.30040799999999
43.67675,-92.17975
45.559861,-93.608222
44.589361,-92.484972
44.546889,-95.08200000000001
43.908278,-92.500028
48.85625,-95.69694399999999
48.85,-95.75
45.697139,-92.952167
45.546222,-94.059389
44.934622,-93.060342
44.857133000000005,-93.032853
47.249028,-91.415583
43.986792,-95.782611
44.2333,-94.95
45.55,-94.1333
43.986353,-94.557975
44.95,-93.0833
44.475522,-93.016322
46.380881,-94.80660300000001
44.249235999999996,-95.60740799999999
47.049139000000004,-91.745222
46.449944,-95.210833
48.93333333,-95.35
44.073464,-93.552944
48.147566999999995,-94.517475
45.780506,-96.543797
43.913410999999996,-95.1094
44.079611,-91.71163100000001
43.655056,-95.579194
37.0956,-89.9161
38.289778000000005,-94.34013900000001
37.225305999999996,-89.57075
39.8233,-93.5792
39.782016999999996,-93.496236
38.3667,-93.7667
38.95,-92.3333
38.817333000000005,-92.218028
37.2,-89.7333
37.9833,-92.1167
37.761028,-90.428611
38.4,-91.3333
38.85,-94.5833
38.8441667,-94.5602778
39.6833,-91.3333
38.591167,-92.156139
37.153169,-94.498808
38.096028000000004,-92.549472
39.1,-94.5833
39.297610999999996,-94.713889
39.122944,-94.592833
40.093472,-92.544917
38.730306,-93.547864
39.4167,-94.0
37.65,-92.6667
38.959097,-94.371894
39.835,-93.10799999999999
37.3,-89.9833
36.6,-89.9833
36.598206,-89.992547
36.6,-89.9833
39.133,-93.21700000000001
36.91027778,-94.015
36.85,-94.4
38.883,-91.43299999999999
36.5833,-89.8167
36.773944,-90.324861
38.127417,-91.7695
38.707417,-93.175917
40.25,-93.71666667
37.2,-93.3
37.2,-93.3
37.245667,-93.388639
38.929694,-90.42997199999999
38.0,-90.05
39.77388889,-94.90694444
39.8167,-94.85
39.771944,-94.909706
38.6333,-90.2
38.748697,-90.370028
38.662110999999996,-90.652056
40.44594444,-95.36730556
37.741631,-92.140736
36.7425,-91.8347
36.878422,-91.902675
34.3167,-89.95
30.2833,-89.3167
30.410425,-88.924433
30.4,-88.9167
31.5833,-90.4333
33.645167,-88.445925
33.45,-88.5833
34.25,-89.8667
33.482881,-90.985614
33.493308,-90.086678
33.49432667,-90.084705
30.4,-89.0667
30.407278,-89.070083
31.264944,-89.252889
31.467139000000003,-89.337056
32.334778,-90.222528
32.311167,-90.075889
31.673028000000002,-89.17280600000001
33.15,-89.0667
31.178444,-90.471861
32.798928000000004,-88.834528
32.553481,-88.55526400000001
32.332611,-88.751861
32.3333,-88.75
32.3333,-88.75
31.613667,-91.297333
32.3378,-89.0703
32.333,-90.21700000000001
34.97875,-89.786861
34.384333000000005,-89.536806
30.462781,-88.529228
30.3167,-89.2833
36.7667,-90.4667
34.685056,-90.347778
34.269,-88.769889
31.0667,-90.0667
32.35,-90.8833
32.239139,-90.92819399999999
46.346610999999996,-104.258111
46.3,-111.2
45.8328,-109.9503
45.7833,-108.5333
45.8,-108.5333
45.80785,-108.543544
46.25,-112.1
45.777236,-111.15026100000001
45.954806,-112.497472
45.95480556,-112.4974722
48.6,-112.3333
48.608356,-112.37615
45.255361,-112.55250600000001
46.622,-113.20200000000001
46.5667,-112.4333
46.2667,-106.6667
47.85,-110.65
48.0167,-106.45
47.6167,-110.2667
48.417,-106.53299999999999
48.212444,-106.614806
47.1333,-104.6833
47.0167,-108.7833
47.4823,-111.370281
47.46138889,-111.38472220000001
47.506111100000005,-111.18472220000001
47.5167,-111.1667
45.7167,-107.5667
47.3833,-115.4
48.567,-109.666
48.542986,-109.76234199999999
46.5833,-112.0333
46.606722,-111.983278
47.0,-112.0667
47.32875,-106.95268899999999
47.3333,-106.8333
46.2931,-108.9417
47.05,-109.45
47.04925,-109.46669399999999
44.6333,-112.5833
45.699417,-110.44802800000001
45.4,-107.4
46.6833,-104.9333
46.427960999999996,-105.886222
46.8667,-114.0
46.916306,-114.090556
48.3167,-105.1
46.4667,-108.5667
47.706860999999996,-104.19255600000001
45.4667,-107.75
48.7411,-113.4331
47.1667,-110.2
47.16825944,-114.85374109999998
46.3167,-111.5167
46.1833,-112.75
44.688389,-111.11763899999998
48.3083,-105.1017
48.4886,-105.2097
48.0945,-105.575056
36.297528,-77.170861
35.416694,-80.15079399999999
35.195231,-83.863039
35.654528000000006,-79.89475
35.5953,-82.5567
35.4186,-82.5567
35.4944,-82.6142
35.434444,-82.542728
34.73375,-76.660361
36.2,-81.65
36.049728,-79.473008
36.2167,-75.7667
34.55,-77.2833
35.25,-75.5167
35.26666667,-75.55
35.26666667,-75.55
35.935,-79.065917
35.21375,-80.949056
35.2167,-80.9333
35.2333,-80.85
34.903169,-76.880772
35.0333,-78.2167
34.974939,-78.36563100000001
35.387775,-80.709136
36.399944,-76.01544399999999
35.15,-75.3
36.0167,-76.5667
36.027733000000005,-76.567092
36.260583000000004,-76.17455600000001
36.2667,-76.1667
34.601805999999996,-78.579272
35.380156,-78.732236
35.170761,-79.01441899999999
34.991222,-78.880278
35.132144,-78.934519
35.22261528,-83.4190625
33.48333333,-77.58333333
35.202658,-81.149867
35.339386,-77.960594
35.460556,-77.964917
36.101325,-79.941122
35.635694,-77.38408299999999
35.35,-77.3833
35.232806,-75.617806
35.4333,-82.4667
36.1,-76.3333
35.741147,-81.38955
35.036656,-79.4974
34.5,-77.5667
35.9,-82.8167
34.708433,-77.439661
34.8333,-77.6167
36.432472,-81.4185
35.000028,-77.981667
36.017583,-75.671583
36.0167,-75.65
35.331444,-77.60883299999999
34.792175,-79.365894
35.781139,-80.30377800000001
35.483142,-81.161506
36.023361,-78.33025
34.609806,-79.059556
35.9,-75.6667
35.918983000000004,-75.695536
35.017419,-80.62205
34.77611111,-76.87666667
35.820221999999994,-81.611417
36.461361,-80.553211
35.7667,-82.2667
35.0833,-77.05
35.072853,-77.043019
36.223603000000004,-81.098606
33.8833,-78.0167
35.7667,-75.5167
36.361139,-78.529833
35.7833,-78.6333
35.877639,-78.787472
36.437222,-79.851
35.8667,-78.85
35.8833,-78.85
36.43945583,-77.70934139
34.891306,-79.75961099999999
35.966,-77.791
35.856253,-77.891933
36.284611,-78.984639
35.428222,-81.935078
35.645883000000005,-80.520292
35.582439,-79.101339
35.25575,-81.60075
34.4,-77.6333
35.540944,-78.390333
35.237417,-79.389028
33.930806,-78.073361
35.765,-80.953889
34.690133,-77.029031
34.7167,-78.0333
36.417,-78.15
35.570467,-77.049814
34.272861,-78.715
34.2167,-77.95
34.271139,-77.902889
34.2667,-77.9
36.133714000000005,-80.22198900000001
46.0333,-99.35
46.7833,-100.7
46.772721999999995,-100.74575
46.85,-99.7667
48.1069,-98.8417
48.116583,-98.91
46.797333,-102.801861
45.9833,-98.5667
45.9833,-98.5667
46.920639,-96.81575
47.6333,-101.4167
47.65,-101.4333
46.8,-101.85
47.9167,-97.0833
47.961281,-97.400814
47.947278000000004,-97.173778
46.4833,-100.2833
46.014889000000004,-102.656
46.929722,-98.67819399999999
48.85,-98.4333
46.1,-97.15
46.8947,-103.3769
48.257639000000005,-101.278028
48.415766999999995,-101.358042
48.9675,-102.1703
48.942417,-97.240667
47.75,-101.83333329999999
46.9167,-98.35
46.4833,-100.3
46.244294000000004,-96.607156
48.18333333,-103.6333333
42.579221999999994,-99.992972
41.728556,-98.05555600000001
42.053222,-102.80377800000001
40.894139,-97.994556
40.301278,-96.754111
40.05805,-101.54683359999999
41.436444,-99.642167
41.7769,-99.1433
42.837558,-103.095403
41.4333,-97.35
40.869694,-100.00416700000001
40.8667,-99.9833
42.5833,-103.3333
41.3333,-96.2667
40.078778,-95.59200000000001
41.449944,-96.521194
41.3167,-95.95
40.5833,-97.5667
40.9833,-98.3167
40.967542,-98.309639
42.4247,-103.7358
40.65138528,-98.07978667
40.60525,-98.42788900000001
40.151944,-97.584528
40.4518,-99.33600799999999
40.510325,-101.620147
40.55,-101.65
40.727028000000004,-99.006778
41.188056,-103.677389
40.791,-99.77727800000001
40.6953,-96.8542
40.8233,-96.7025
40.8483,-96.565
40.850889,-96.759111
40.206278000000005,-100.592083
42.05,-101.05
40.606528000000004,-95.866667
41.985461,-97.435114
41.126222,-100.683667
41.1333,-100.75
41.119471999999995,-101.769694
41.36666667,-96.01666667
41.303166999999995,-95.894056
41.195986,-96.111972
41.119328,-95.908519
42.469361,-98.68777800000001
42.4667,-98.5333
41.623694,-98.951861
40.7333,-99.45
40.2,-96.2
41.874028,-103.595639
41.099806,-102.984972
41.763536,-96.177939
41.962708,-100.570306
40.18749778,-101.02543809999999
42.856694,-100.54897199999999
42.241606,-96.982272
42.0681,-101.445
40.8667,-97.5833
44.575361,-71.175917
43.2,-71.5333
43.202721999999994,-71.502278
43.1333,-70.9333
43.1717,-70.9278
43.1092,-70.9483
42.9333,-70.8
42.9667,-70.6167
42.805133000000005,-72.003022
42.898389,-72.270778
43.573042,-71.41784200000001
43.5667,-71.4333
43.626111,-72.304194
42.932806,-71.43575
44.26666667,-71.3
42.782414,-71.514094
43.77923806,-71.75369056
43.077944,-70.823278
43.284236,-70.92955
44.367556,-71.545806
41.00861972,-74.73803389
39.75,-74.6667
39.457583,-74.577167
39.7667,-74.1
39.7667,-73.9333
39.7667,-74.1
40.186778000000004,-74.12455600000001
40.18677778,-74.12458333
40.875221999999994,-74.281361
39.9333,-75.0833
38.7833,-74.5833
40.3167,-74.0333
40.035994,-74.351303
41.1333,-74.3667
39.3667,-75.0667
39.367806,-75.072222
40.8,-74.4167
40.8,-74.4167
39.942889,-74.84575
40.692481,-74.168686
38.9667,-74.5
40.35,-74.65
40.4667,-74.0167
10.4433,-73.92
40.625981,-74.67003100000001
40.1333,-74.05
41.200206,-74.62305
40.850111,-74.060833
40.276694,-74.81347199999999
40.2167,-74.7667
39.008369,-74.908511
38.945,-74.885
40.015583,-74.5917
32.851858,-106.10854199999999
32.85185856,-106.1085356
32.839417,-105.99113899999999
35.0833,-106.65
35.038931,-106.60826100000001
35.145153,-106.79516399999999
32.851944,-104.46758299999999
32.851944,-104.46758299999999
32.337444,-104.263361
32.35,-104.25
32.33747222,-104.2632778
33.64886139,-105.89568500000001
33.6308,-105.8964
36.446278,-103.14994399999999
35.0028,-105.6628
34.9333,-105.5833
34.382369,-103.322367
34.426589,-103.07758100000001
31.833000000000002,-107.65
35.6667,-108.2167
32.262389,-107.719
36.7333,-103.7833
34.4667,-105.4
36.74125,-108.22994399999999
34.487772,-104.21694699999999
35.511058,-108.789308
35.167278,-107.902056
32.6875,-103.217333
32.6833,-103.1333
32.75,-103.2167
32.6136,-106.7414
32.289417,-106.921972
35.654222,-105.142389
32.333464,-108.69173899999998
35.879686,-106.26868600000002
35.8583,-106.5214
32.8833,-103.8333
33.4,-108.8
34.9833,-106.05
34.53333333,-106.22388889999999
34.5333,-106.25
32.4,-106.15
35.05,-108.0833
36.742439000000005,-104.501728
33.039167,-116.91525
33.299869,-104.529397
33.460944,-105.53013899999999
32.8,-105.816
35.0667,-106.3833
35.6833,-105.95
35.617111,-106.089417
31.88098556,-106.70481310000001
31.87277778,-106.69805559999999
32.636547,-108.15638600000001
34.022472,-106.903139
34.0167,-106.9
34.35,-106.884
36.3833,-104.6
33.81895639,-106.6450142
33.8167,-106.6667
35.95,-107.0833
36.451694,-105.673083
35.7992,-107.1814
33.235361,-107.26988899999999
35.182778000000006,-103.603186
32.34148306,-106.40276829999999
32.38333333,-106.48333329999998
32.5,-106.4167
32.3667,-106.4
33.9,-106.4
32.63333333,-106.4
32.8833,-106.35
33.16666667,-106.48333329999998
33.1833,-106.4833
33.2167,-106.45
35.083228000000005,-108.79177800000001
33.6,-106.6
37.367,-115.167
40.8,-115.21700000000001
39.0117,-114.2089
40.599047,-116.87433600000001
36.9167,-116.75
36.9,-116.77
36.93,-116.73
40.6,-116.52
40.3,-117.3
37.61666667,-114.51666670000002
37.72,-114.45
40.73,-116.1
37.53,-115.23
38.6,-115.7
41.85,-119.63
40.825,-115.79133300000001
39.299694,-114.841889
39.5167,-115.9667
39.417831,-118.69858899999998
39.41783167,-118.6985939
38.922264,-117.95856100000002
37.33,-115.7
38.55,-118.6333
36.586344,-115.677369
36.586344,-115.677369
36.52,-115.53
36.210694000000004,-115.19444399999999
36.2362,-115.034256
36.080056,-115.15225
35.972861,-115.13444399999999
40.066466999999996,-118.56508600000001
42.0,-117.7167
39.38,-114.83
36.61666667,-116.01666670000002
36.62,-116.02
36.8,-114.0833
35.83,-115.67
36.933,-116.05
36.8,-116.266
36.4,-114.43
38.52,-114.62
39.53,-119.82
39.499111,-119.768111
38.75,-117.05
40.93,-114.3
37.68,-115.7
38.07,-117.23
37.798867,-116.780753
37.6172,-116.2641
38.060194,-117.08680600000001
40.87,-114.82
38.1833,-116.3667
41.1167,-114.9667
40.967,-117.71700000000001
40.896611,-117.805889
42.749111,-73.80197199999999
42.6461,-73.7472
40.45,-73.8167
40.45,-73.8167
43.0,-78.1833
41.5,-73.95
41.317,-74.0
42.0833,-76.1
42.1,-75.9167
42.208442,-75.979608
42.8833,-78.8833
42.940417,-78.730583
44.583,-75.117
42.3333,-73.75
42.570531,-77.713272
44.85,-74.3333
42.4833,-79.35
42.159856,-76.89174399999999
40.7333,-73.4
40.728778000000005,-73.41341700000001
40.6333,-73.2667
41.2667,-72.0167
42.95,-74.4833
44.055614,-75.719897
43.8833,-73.4
43.350778000000005,-76.388056
43.341221999999995,-73.61030600000001
40.796136,-73.100664
42.44,-76.2461
42.491361,-76.458722
42.153394,-79.258022
42.0,-78.5167
44.2833,-73.9833
43.0167,-74.8333
44.93625,-74.845111
41.7858,-73.7422
41.076667,-71.920472
41.0333,-71.9167
41.511811,-74.263539
41.7,-74.8
40.7833,-72.75
42.6833,-77.9167
39.8,-72.666
40.639925,-73.77869399999999
40.85,-73.9167
40.75,-73.9833
40.77725,-73.87261099999999
40.77888889,-73.96916667
41.504111,-74.104833
43.1,-78.95
43.107558000000004,-78.945847
40.75,-73.3333
44.68225,-75.46325
42.241194,-78.371361
42.45,-75.0
42.637083000000004,-77.052861
44.650944,-73.46813900000001
44.68751861,-73.52452306
41.626583000000004,-73.884194
40.8667,-72.65
43.15,-77.6167
43.119144,-77.671869
40.5667,-73.75
43.2339,-75.4117
43.233806,-75.407028
44.385308,-74.206181
42.852556,-73.928972
40.821944,-72.866917
40.5667,-74.1
43.05,-76.15
43.111194,-76.106306
40.8333,-72.5333
43.87727778,-73.41313889
40.8667,-72.8833
43.991833,-76.019417
44.0,-76.0333
42.109528000000005,-77.989972
40.843666999999996,-72.631778
44.1833,-73.4333
41.066953000000005,-73.707567
44.3667,-73.9167
43.55,-73.3667
41.0375,-81.46691700000001
40.915056,-81.443639
40.7167,-83.85
41.5667,-84.3167
41.777778000000005,-80.69677800000001
40.3667,-83.7667
40.0667,-81.5833
38.8333,-83.5667
39.4167,-82.9
39.1,-84.5167
39.15,-84.5167
39.103344,-84.418614
41.5,-81.6667
41.517860999999996,-81.682639
41.409417,-81.854694
41.564583,-81.487222
40.4833,-84.6333
39.9667,-83.0
39.996947,-82.892161
40.079516999999996,-83.07321400000001
39.813778000000006,-82.927806
39.588972,-84.224861
39.825969,-84.046103
39.90225,-84.219417
41.3375,-84.42880600000001
40.6833,-80.6333
41.012028,-83.668611
39.36375,-84.52194399999999
40.7833,-82.3
38.419111,-82.494833
40.4333,-83.85
39.755646999999996,-82.657111
40.707478,-84.027078
41.344278,-82.177639
40.821417,-82.516639
40.61625,-83.06347199999999
39.53175,-84.39644399999999
40.470167,-81.419944
40.024667,-82.46180600000001
40.3667,-81.7828
38.95,-83.3833
41.5167,-82.8667
41.43336111,-82.65233333
39.840278000000005,-83.84016700000001
41.65,-83.5333
41.564944,-83.482222
41.586806,-83.807833
39.9,-84.2
41.4167,-82.9333
41.3333,-80.85
38.8167,-83.4667
41.684028000000005,-81.38975
39.427917,-83.792111
40.874833,-81.88825
41.2667,-80.6667
41.261583,-80.680361
39.944444,-81.892083
39.95,-81.9
33.933,-96.4
35.233000000000004,-97.417
34.804261,-96.6712
34.666461,-99.26809399999999
34.698806,-99.338472
36.773367,-98.670186
34.14698917,-97.12265194
34.303872,-97.020597
34.398339,-96.148061
36.763360999999996,-96.01119399999999
36.03,-95.82
35.724083,-96.820278
35.097361,-97.967694
36.292722,-95.479611
35.339839000000005,-99.2005
35.950028,-96.77341700000001
34.471306,-97.959861
33.942267,-96.394531
35.472722,-98.00575
35.430778000000004,-99.394278
35.4167,-99.3833
36.339806,-97.917239
36.375944,-97.789417
34.352094,-98.983908
34.3667,-99.0
36.295972,-99.775736
36.5992,-101.595
36.606778000000006,-94.738556
35.851521999999996,-97.416178
36.684156,-101.506969
36.68507194,-101.50778170000001
34.989917,-99.053058
33.90936389,-94.85935972
34.567714,-98.416636
34.649828,-98.402186
34.882389,-95.783472
36.909222,-94.8875
35.65775,-95.361639
35.7459325,-95.41274861
35.245556,-97.472139
35.245556,-97.472139
35.48,-97.53
35.534164000000004,-97.647053
35.393075,-97.600761
35.4,-97.6
35.414739000000004,-97.38663299999999
35.668110999999996,-95.948528
34.68333333,-94.61666667
34.8333,-97.2667
34.709564,-97.223347
36.731916999999996,-97.099778
35.021628,-94.621253
35.43825,-94.80291700000001
35.274458,-96.67537800000001
35.357306,-96.942833
36.161389,-97.085889
36.1181,-97.0914
36.1347,-97.1083
35.930278,-95.00452800000001
36.198389,-95.888111
36.039583,-95.984594
36.667,-95.18
35.864556,-98.42075
36.5833,-98.85
36.6,-99.52
36.438,-99.522667
45.7167,-120.1833
46.2,-123.7667
46.157971999999994,-123.878611
45.247139000000004,-122.77005600000001
44.7667,-117.8333
44.837333,-117.80913899999999
44.0667,-121.3167
44.0667,-121.3
43.583,-119.05
43.591916999999995,-118.955444
42.8333,-124.5667
45.4833,-123.9667
45.676944,-121.87888899999999
45.25,-120.1833
44.5833,-123.2167
44.4186,-123.3258
44.497111,-123.289528
44.5,-123.2833
43.4667,-121.7
44.5833,-117.4667
44.05,-123.1
44.124583,-123.211972
45.8333,-119.2833
45.828222,-119.25916699999999
45.7,-121.5
45.7,-121.5167
44.35,-117.2667
44.5561,-119.6458
42.156139,-121.733194
42.133,-121.75
45.3333,-118.1
45.289547,-118.006125
42.161111,-120.399083
44.6667,-121.1667
45.1667,-121.0833
45.194556,-123.13605600000001
45.5167,-118.4
42.374228,-122.873497
42.3833,-122.8667
44.580360999999996,-124.05791699999999
43.416944,-124.247028
43.4167,-124.2333
44.019360999999996,-117.013028
45.3667,-122.6167
45.55,-121.5833
45.6667,-118.8333
45.694764,-118.84300800000001
42.75,-124.5
45.549361,-122.40125
45.58853042,-122.5974811
45.6,-122.6
45.5333,-122.6667
45.542122,-122.950722
45.588708000000004,-122.596869
44.254069,-121.14997199999999
44.25,-121.15
43.4711,-119.6917
42.8333,-117.8833
42.577661,-117.88543100000001
43.239336,-123.35585
44.909528,-123.0025
45.771028,-122.861833
42.6,-123.3667
42.083,-122.56700000000001
45.619355999999996,-121.168275
45.3333,-121.7
45.9167,-119.4167
45.7,-121.5667
42.3333,-118.2333
40.652361,-75.44041700000001
40.296361,-78.32002800000001
39.8592,-75.7861
40.772472,-80.39144399999999
40.9,-77.7167
40.1833,-79.1333
41.802956,-78.639967
40.0667,-78.8333
40.776583,-79.951083
41.6667,-76.85
41.2,-79.3667
41.049133000000005,-78.41515799999999
39.95,-79.65
40.45,-78.6167
41.05,-78.5833
40.33305,-75.122339
41.178278000000006,-78.89869399999999
40.35,-77.55
42.1167,-80.0833
42.083083,-80.17394399999999
39.734,-77.43
39.7333,-77.4333
41.377417,-79.860639
40.2667,-79.55
40.193191999999996,-76.762619
40.2667,-76.8833
40.2667,-76.8833
40.217139,-76.851361
40.9833,-76.0
40.6167,-79.1667
40.435235999999996,-76.568628
40.315556,-78.83466700000001
41.65,-78.8
41.0,-78.1667
40.122361,-76.294361
40.2731,-79.410325
40.7833,-75.1667
39.9167,-77.9833
41.283,-80.2
40.2,-76.7667
41.137694,-75.38005600000001
40.8667,-76.3833
40.081944,-75.010583
39.872083,-75.240664
40.137556,-75.265139
39.95,-75.15
40.884392,-78.087342
40.45,-80.0
40.491417,-80.232694
40.354439,-79.929047
41.62652778,-80.21472222
40.239556,-75.556722
40.435139,-75.38194399999999
40.3785,-75.96525
41.4167,-75.6667
40.821236,-76.864172
40.6167,-80.4333
41.6,-79.6667
39.8333,-79.6667
40.85,-77.85
40.136472,-80.290194
41.338471999999996,-75.723389
41.241667,-76.921806
40.19983333,-75.14816667
40.9167,-77.3333
39.917,-76.873028
41.168110999999996,-71.577833
41.4833,-71.3667
41.4911,-71.5414
41.4783,-71.5417
41.532439000000004,-71.281544
41.597139,-71.412139
41.92075,-71.491417
41.3667,-71.4833
41.8333,-71.4167
41.7333,-71.4667
41.722333,-71.427722
41.597139,-71.412139
41.349633000000004,-71.80341700000001
34.766999999999996,-82.367
34.766999999999996,-82.383
34.75,-82.367
34.494583,-82.709389
32.480567,-80.71924399999999
32.317,-80.683
33.355,-81.3278
32.78,-79.9319
32.898647,-80.04052800000001
32.9,-80.0333
32.85,-79.95
34.672222,-82.885889
33.970471999999994,-80.99525
33.938839,-81.119536
33.95,-81.1167
34.0,-81.05
34.449383000000005,-79.890061
34.35,-82.3667
33.920769,-80.801142
33.966,-80.8
34.185361,-79.723889
33.2167,-79.1833
34.758306,-82.376417
34.847944,-82.35
34.847,-82.348
34.895666999999996,-82.218861
34.250394,-82.157808
32.0933,-80.555
33.1533,-79.3636
33.67975,-78.928333
33.6,-81.0833
33.81175,-78.72394399999999
33.456917,-80.859406
33.85,-80.48333333
34.987833,-81.057167
32.224494,-80.6974
34.9667,-82.0
34.916416999999996,-81.95577800000001
33.972725,-80.470564
45.446797,-98.422442
44.304528000000005,-96.818917
45.58055222,-103.52963559999999
45.5161,-103.3017
43.4833,-103.3167
43.76612222,-99.32134
43.733661,-103.6195
45.03609417,-102.0198803
44.5333,-99.45
43.368306,-103.388278
44.0333,-97.5333
44.3667,-98.2167
44.3833,-98.2167
44.385194,-98.22855600000001
45.9397,-102.1575
44.3,-101.75
44.5167,-98.8333
43.774833,-98.038611
45.546278,-100.406278
44.048731,-101.598842
44.3667,-100.35
44.0194,-100.3531
44.3667,-100.2
44.382694,-100.285972
43.021275,-102.506606
44.0667,-103.2
44.145094,-103.103567
44.045322,-103.057369
44.8667,-98.5167
45.26666667,-103.5333333
43.7347,-96.6222
43.5667,-96.7333
43.582014,-96.741917
45.67079278,-96.99619167
44.4833,-103.7833
43.0,-97.8667
44.913971999999994,-97.15472199999999
43.389483,-99.84121400000001
42.8783,-97.3633
36.475208,-82.40741700000001
35.05,-85.3
35.0667,-85.2333
35.035194,-85.203556
36.621860999999996,-87.41494399999999
36.0139,-85.1344
36.0167,-85.1333
35.951291999999995,-85.084978
35.997972,-89.406583
36.567653,-87.48145799999999
36.0667,-82.8333
35.90340694,-89.39729444
35.5,-88.5
35.599889000000005,-88.915611
35.809375,-83.995322
35.15,-90.05
35.0667,-89.9833
35.1297,-89.8036
35.356639,-89.870417
35.042411,-89.976681
35.2244,-85.8417
36.1667,-86.7833
36.124472,-86.678167
36.0028,-84.2486
36.02305556,-84.23305556
36.335944,-88.38444399999999
36.379744,-88.985703
35.177528,-86.06616700000001
32.45,-99.73
32.411333,-99.681889
32.420617,-99.8546
35.285,-102.67299999999999
27.740889000000003,-98.026944
30.38422222,-103.6835833
30.35,-103.667
35.22,-101.83
35.219361,-101.705917
29.77,-94.7
29.108639,-95.46208299999999
32.663861,-97.094278
30.28,-97.73
30.3,-97.7
30.194528000000002,-97.669875
28.973246999999997,-95.863453
29.950833000000003,-94.02069399999999
30.070206,-94.215097
28.3667,-97.6667
28.364221999999998,-97.791944
32.212610999999995,-101.52163900000001
35.700889000000004,-101.39366700000001
29.288,-100.434
31.179278000000004,-99.32391700000001
30.2196755,-96.37440278
33.173961,-97.828428
32.0408,-100.2494
25.906139000000003,-97.426
25.92,-97.46
31.793611,-98.9565
30.715694,-96.331361
30.738928,-98.23861099999999
30.515475,-96.704086
35.895122,-100.403875
31.8,-94.17
34.433778000000004,-100.288
34.9115,-100.86936109999999
33.592642,-95.06414699999999
32.35375,-97.43375
30.588041999999998,-96.362544
29.6667,-96.5833
31.920306,-98.599194
30.353394,-95.415083
27.8,-97.4
27.6927,-97.290375
27.772194,-97.50241700000001
27.702419,-97.438819
27.635,-97.31222222
32.028056,-96.400583
28.455721999999998,-99.21722199999999
31.306972,-95.40383299999999
28.72,-99.83
36.022472,-102.547389
32.77,-96.78
32.968556,-96.836444
32.7333,-96.9667
32.845944,-96.85087800000001
32.681306,-96.868778
32.8974,-97.022
33.25425,-97.5805
29.3667,-100.9
29.359483,-100.777975
29.374208000000003,-100.92715799999999
33.2021,-97.197947
30.04602361,-102.2129144
35.857431,-102.013308
32.414889,-98.809694
26.5258,-98.0633
26.441667,-98.122222
31.807333,-106.37636100000002
31.8495,-106.38
31.78,-106.42
31.71983389,-106.23692
31.78,-106.5
30.87,-100.6
27.206056,-98.12102800000001
30.91525,-102.912778
32.75,-97.333
32.990386,-97.31944200000001
32.983000000000004,-97.48299999999999
32.819769,-97.36245
32.76918611,-97.44153333
30.24325,-98.90919444
25.8833,-97.55
29.45,-98.4667
29.3333,-94.7717
29.265333000000002,-94.860417
29.28,-94.85
28.3167,-98.1
30.678805999999998,-97.679389
30.169278000000002,-96.980028
32.698031,-94.948847
31.32,-98.667
29.52,-97.38
33.0833,-101.5167
33.110721999999996,-98.554778
32.444417,-97.81694399999999
32.698778000000004,-97.04691700000001
33.067839,-96.065333
31.5,-96.47
31.83166667,-104.8086111
33.5667,-100.4833
26.227110999999997,-97.655139
26.2,-97.68
30.872083,-96.622194
27.349556,-98.736944
32.083639,-97.09725
29.359131,-99.177492
29.645417,-95.27883299999999
29.7667,-95.3667
29.521278000000002,-95.242139
29.607333,-95.15875
30.061778000000004,-95.552789
29.62225,-95.65652800000001
29.984436,-95.341442
29.818194000000002,-95.672611
30.746886,-95.58716700000001
31.869331,-95.21740600000001
30.885694,-94.034944
30.511111,-99.762889
31.07,-104.25
29.976667,-99.085472
31.06725,-97.828917
30.7219,-97.3831
31.138666999999998,-97.7145
31.085833,-97.6865
31.32,-97.72
31.13,-97.72
27.504528000000004,-97.808278
29.90797222,-96.95
32.73,-101.93
32.577606,-96.71750300000001
27.544194,-99.46158299999999
30.0333,-94.7667
30.784221999999996,-98.659889
32.5,-94.7667
32.384,-94.7115
33.663667,-101.82055600000001
31.3167,-94.7167
31.234028000000002,-94.75
30.32,-104.02
30.371111,-104.017528
30.27,-103.9
32.5205,-94.307778
28.333000000000002,-96.45
26.175832999999997,-98.23861099999999
31.484917,-97.316528
33.177067,-96.588767
32.746964,-96.530417
32.036569,-102.101528
31.942528000000003,-102.20191700000001
32.67669444,-95.51080556
32.742194,-95.496472
32.781606,-98.060175
32.85,-98.05
26.4,-98.35
31.6219,-102.8072
33.096889000000004,-94.96175
33.9558,-102.7739
31.577764000000002,-94.710111
30.38,-96.12
29.70575,-98.043222
31.921414000000002,-102.38713299999999
27.896805999999998,-98.04355600000001
30.068453,-93.804019
28.7275,-96.25094399999999
31.779694,-95.70630600000001
32.8,-98.266
35.613,-100.99625
29.3483,-103.2092
33.636611,-95.45075
31.382389,-103.510722
36.412917,-100.75157800000001
34.168147,-101.717336
27.811833,-97.08875
29.8667,-93.9333
26.166194,-97.345889
28.653306,-96.682722
29.55,-104.3833
34.28,-99.68
26.53,-97.68
27.778139000000003,-97.690111
28.086221999999996,-97.04369399999999
29.946919,-100.173856
33.2,-95.32
31.357764000000003,-100.496306
29.336983,-98.47104399999999
29.384233000000002,-98.581117
29.4,-98.6
29.5442,-98.4839
29.45,-98.4667
29.528906,-98.278031
29.89275,-97.863
30.16666667,-102.41666670000001
32.62,-98.23
32.675336,-102.652661
33.714192,-96.674361
32.693389,-100.95047199999999
30.585694,-100.648556
29.1185,-100.4723333
32.215333,-98.177667
33.159833,-95.621139
33.13,-95.6
32.467361,-100.46655600000001
32.63,-100.45
31.1519,-97.407664
32.708494,-96.267094
32.353556,-95.40297199999999
29.211333000000003,-99.743583
31.05,-104.833
34.22566667,-99.28375
28.783,-97.083
28.852546999999998,-96.91848900000001
31.637806,-97.074139
31.612194,-97.230306
32.458294,-96.91252800000001
26.17763889,-97.97305556
29.254278000000003,-96.154389
33.988803000000004,-98.49190300000001
31.779806,-103.20169399999999
29.267,-97.15
37.28,-113.28
37.583333,-109.483278
41.554306,-112.06225
37.706447,-112.1458
40.17,-112.45
37.700972,-113.09886100000001
40.917,-111.4
41.83,-112.05
40.17,-110.41
40.197381,-112.935056
40.17,-113.0
40.15,-113.07
40.22,-112.77
39.63,-112.13
40.1591,-113.3506
40.654,-112.463
40.93,-112.75
37.28,-113.75
38.419416999999996,-110.702917
40.48180556,-111.42880559999999
40.73,-113.18
39.55,-112.27
41.72,-112.92
41.791778,-111.85165
38.426636,-113.013275
38.7575,-109.753542
37.8,-113.93299999999999
41.123939,-111.97303899999999
41.195667,-112.01293600000001
40.13,-109.65
41.87,-112.17
39.613889,-110.75161100000001
40.219167,-111.72336100000001
40.3,-109.98333329999998
40.61954,-111.9928858
40.788394,-111.977772
40.78,-111.93
40.77,-111.88
37.044000000000004,-113.507
37.09058333,-113.59305559999999
40.3667,-112.3667
39.93,-112.18
41.73,-112.15
40.436078,-109.511422
40.718725,-114.028675
40.73,-114.03
39.9,-113.7167
36.687103,-82.033328
37.8667,-75.3667
37.207639,-80.407833
37.2908,-75.9269
38.139639,-78.452333
38.0167,-78.5
37.9975,-78.4656
36.9,-75.71666667
36.9833,-75.7
37.940194,-75.466389
37.2,-78.1333
38.525472,-77.859639
38.332878,-77.03701099999999
36.572472,-79.33625
37.137344,-80.678481
36.686861,-77.48275
37.357528,-78.43780600000001
36.69515,-76.135489
38.715281,-77.181397
37.132608000000005,-76.60893100000001
36.700306,-76.902139
39.0,-78.233
37.1333,-76.6
37.074767,-77.956597
38.155997,-78.16578100000001
37.082886,-76.360539
36.766110999999995,-80.823561
37.45,-75.6833
37.4667,-75.6833
37.951444,-79.833894
36.8333,-80.9667
39.077971999999995,-77.5575
38.009833,-77.970139
37.4167,-79.15
37.325389,-79.201222
38.721022,-77.5151
36.894839000000005,-81.349967
36.630753000000006,-80.018372
37.646878,-75.761044
36.8167,-76.55
38.7667,-78.6333
37.131889,-76.492972
36.85,-76.2833
36.894606,-76.201231
36.665611,-76.320667
36.937467,-76.289278
36.95,-76.3
38.247194,-78.045611
37.1833,-77.5167
36.8,-75.9667
38.503625,-77.305033
37.1,-81.8
37.5,-77.3333
37.5333,-77.4167
37.708956,-77.436653
37.505181,-77.319739
37.325469,-79.97542800000001
36.6956,-78.8808
36.688278000000004,-78.054472
38.398111,-77.455472
38.263833,-78.89644399999999
36.682889,-76.599622
36.9767,-76.0417
37.0833,-76.1167
37.633,-76.566
36.822742,-76.031897
36.987221999999996,-77.001139
38.947444,-77.459944
37.521361,-76.76275
37.239175,-76.71609699999999
39.143528,-78.144444
37.925,-74.94
36.987528000000005,-82.53
36.9333,-81.0833
42.891194,-73.246083
44.48,-73.18
44.471956,-73.153278
44.203489000000005,-72.562097
44.534361,-72.61399999999999
44.17,-72.68
43.529731,-72.949625
43.343722,-72.517278
44.41666667,-72.01666667
48.5167,-122.6
48.16075,-122.159028
48.792694,-122.53752800000001
48.9833,-122.75
47.49025,-122.76480600000001
46.2833,-122.9
46.6667,-122.9833
47.5,-117.5833
47.2,-120.9333
48.54388889,-117.8838889
48.183333000000005,-122.63333300000001
45.6167,-121.1333
48.5406,-121.4461
47.967056,-117.428583
48.708333,-122.910583
47.033028,-120.530694
47.308071999999996,-119.51691399999999
47.907,-122.28158300000001
48.521972,-123.02436100000001
45.8333,-120.75
46.56666667,-119.6
47.4833,-118.25
46.75,-118.6167
46.971194,-123.93655600000001
46.118,-122.89836100000001
46.817,-117.883
47.2167,-121.45
47.2333,-124.2
47.208583000000004,-119.31913899999999
48.4667,-122.4333
47.4833,-121.5
46.3,-124.083
48.25,-122.6667
46.969406,-122.90254399999999
48.25,-124.4167
48.41666667,-119.53333329999998
48.464417,-119.518056
48.9667,-119.4
46.264694,-119.119028
48.141292,-123.413953
48.120194,-123.49969399999999
48.1167,-122.75
46.743860999999995,-117.109583
47.936583,-124.562633
47.5139,-123.8119
47.493139,-122.21575
46.3333,-119.3333
48.60815472,-123.1596314
47.6872,-122.2553
47.449889,-122.311778
47.529971999999994,-122.30194399999999
47.65,-122.3
47.233556,-123.14755600000001
47.4167,-121.3333
47.615053,-117.655803
47.6167,-117.5167
47.619028,-117.53522199999999
47.68055556,-117.62666670000002
47.682944,-117.32241699999999
47.2833,-117.9667
47.2833,-121.3333
45.717,-121.833
48.5283,-125.0
47.25,-122.4333
47.267944,-122.578111
47.079214,-122.580767
47.138975,-122.47668600000002
46.477167,-122.806478
45.65,-122.5667
45.620453000000005,-122.656489
46.092542,-118.28408300000001
46.1,-118.2833
46.03333333,-118.33333329999999
46.7333,-118.3333
47.6478,-120.0697
47.398806,-120.206833
47.4,-120.2
48.351839,-122.65595800000001
46.568166999999995,-120.54405600000001
46.9167,-122.5833
45.15395,-89.110617
44.258083,-88.519083
46.548528000000005,-90.918972
43.522028000000006,-89.77125
43.160853,-90.67371899999999
42.690717,-88.304683
44.613167,-88.730889
45.932333,-89.26827800000001
44.865806,-91.484256
43.771167,-88.488417
45.798378,-92.664331
44.516999999999996,-87.96700000000001
44.484633,-88.129714
44.5833,-92.5167
46.025267,-91.444264
42.62025,-89.041556
43.426472,-88.703861
42.595694,-87.927806
43.8167,-91.25
43.8228,-91.1911
43.879278,-91.256639
45.496586,-91.000186
46.154117,-89.211964
43.211861,-90.179833
43.0833,-89.4
43.139878,-89.337506
44.128778000000004,-87.680583
44.636881,-90.189328
43.7667,-90.05
45.101319000000004,-90.300175
44.892333,-91.867806
45.198917,-89.712861
43.0333,-87.9
43.110389,-88.034417
42.9678,-88.5506
42.946944,-87.897056
42.886889000000004,-90.23666700000001
45.927917,-89.730944
42.6149,-89.59040300000001
44.777625,-89.66677800000001
44.0603,-90.1736
45.309344,-92.690122
43.984491999999996,-88.556936
45.955092,-90.424433
45.708833,-90.4025
43.019286,-91.123733
42.761167,-87.813917
45.6309,-89.466628
45.420111,-91.773333
45.4164,-91.7719
43.769769000000004,-87.851722
45.823464,-92.373694
43.958294,-90.737936
44.843666999999996,-87.42152800000001
44.8667,-87.3333
46.689683,-92.09464200000001
45.469361,-89.804889
43.939239,-90.25316099999999
43.169639000000004,-88.72322199999999
43.041028000000004,-88.23705600000001
44.33325,-89.019778
44.926283000000005,-89.627003
44.360356,-89.839039
37.787333000000004,-81.124167
37.295947,-81.20751899999999
39.00045694,-80.27373333
39.0131,-79.4742
38.376014,-81.592892
38.3119,-81.7239
39.297655999999996,-80.227533
38.9333,-79.85
38.889444,-79.857139
37.5833,-81.1167
38.6667,-80.7833
38.368508,-82.560361
37.858306,-80.39948299999999
37.85,-82.0
39.402356,-77.983
38.9167,-78.9
39.643594,-79.917547
38.8333,-79.3167
39.266999999999996,-81.567
39.344961,-81.43929399999999
38.99493889,-79.14586389
37.60044444,-81.55927778
38.91463889,-82.09858333
38.68711111,-80.65208333
40.175,-80.64627800000001
42.582221999999994,-110.108861
41.55,-108.5833
41.93,-104.94
44.381083000000004,-106.721806
44.35,-106.6833
42.9167,-106.45
42.905861,-106.46363899999999
41.7333,-107.75
41.133315,-104.8671917
41.1333,-104.8
41.155639,-104.810472
41.75,-104.8333
44.520194000000004,-109.023797
42.797194,-105.385833
41.274778000000005,-111.03463899999998
41.1167,-110.8667
41.3333,-111.0
41.393333,-110.40597199999999
44.348917,-105.53936100000001
42.5,-105.1333
41.5667,-109.9667
44.517944,-108.083
43.607333000000004,-110.73775
43.7144,-106.6378
41.824083,-110.556944
41.4167,-110.4167
42.8333,-108.75
42.6753,-108.6686
42.815386,-108.72856399999999
41.312056,-105.675
41.3,-110.5667
41.8833,-106.1833
43.4167,-106.2
44.217,-104.93299999999999
43.6614,-110.7119
43.85,-104.2
44.9667,-107.3333
42.797389,-109.81102800000001
44.867166999999995,-108.79341699999999
41.805721999999996,-107.200333
43.06425,-108.459833
41.594221999999995,-109.06519399999999
44.8,-106.95
44.769194,-106.980278
41.2667,-105.3333
42.064528,-104.152694
42.0,-104.1667
42.0667,-104.9667
43.962889000000004,-107.950528
44.55,-110.4167
